,Name,min_price,max_price
0,ハイスツール ガス圧高さ調整 エルゴノミクスチェア スタンディングデスク ラウンドスツール カウンターチェア 椅子150-SNCERG7,59880,9980
1,スタンディングデスク リフトアップデスク 薄型 折りたたみ 高さ12段階調整 幅約  100-mr139bk,15800,15800
2,スタンディングデスク 幅  奥行  高さ  エルゴノミクス 疲労軽減 立ち作業,51600,11400
3,昇降式デスク スタンディングデスク ガス圧昇降 幅  奥行  昇降幅 ,34400,34400
4,Bauhutte/バウヒュッテ BHD-700 スタンディングデスク ブラック,26290,12871
5,上下昇降式デスク ガス圧 スタンディングデスク 昇降幅  幅  奥行き ,59880,11300
6,アイリスオーヤマ 昇降テーブル 電動 立ちテーブル可能 幅120cm DST-1200 ホワイト,48917,34800
7,昇降式デスク スタンディングデスク ガス圧昇降 幅  奥行  昇降幅 ,39800,39800
8,スタンディングデスク エルゴノミクス リフティングテーブル100-ERD005W,88800,18800
9,昇降デスク ガス圧式 Ｗ1200 ホワイト,34980,34980
10,バウヒュッテ Bauhutte スタンディングデスク ワイド BHD-1000H-WD,26620,21100
11,折りたたみデスク 幅  奥行  高さ調整 角度調整 木目調 コンパクト スリム ブラウン,4980,4980
12,Bauhutte/バウヒュッテ BHD-1000H スタンディングデスク ブラック,40084,1640
13,スタンディングデスク リフティングテーブル100-ERD006W,118800,21600
14,スタンディングデスク 幅1000mm,12980,12980
15,スタンディングデスク 幅1200mm,13990,13990
16,スタンディングデスク 幅  奥行  高さ  エルゴノミクス,13200,13200
17,バウヒュッテ Bauhutte スタンディングデスク BHD-700-WH,18590,14190
18,上下昇降式デスク ガス圧 スタンディングデスク 昇降幅  幅  奥行き  耐荷重 ,23200,22900
19,スタンディングデスク 薄型 折りたたみ 高さ12段階調整 幅  白色,16800,16800
20,バウヒュッテ Bauhutte スタンディングデスク オフィス BHD-1200H-WD,30690,23900
21,サン・ハーベスト 昇降式テーブル ダークブラウン・BS-200DBR 1046471,22000,12579
22,RYST-5040H90-WNWH 山善 折りたたみ式ミニテーブル スタンディングデスクとしても使用可能 ウットナチュラル/ホワイト・幅50cm×奥行48cm×高さ90cm 折りたたみハイテーブル テレワーク サイドテーブル 完成品,3280,3280
23,Bauhutte/バウヒュッテ BHD-600H-BK スクールスタンディングデスク ブラック,24088,15200
24,bauhutte/バウヒュッテ bhd-1000h-wh 上下昇降式 スタンディングデスク 幅  ホワイト,40084,20700
25,スタンディングデスク 高さ調整 ガス圧昇降 幅  ブラック,28800,28800
26,宮武製作所 サイドテーブル LT-720,10165,4850
27,の特別Vチェア スタンディングチェア アウトドア チェア 野外フェス 折りたたみイス,2653,2653
28,Bauhutte/バウヒュッテ BHD-600H-NA スクールスタンディングデスク ウッド,24137,15500
29,スタンディングデスク 上下昇降式デスク 幅120 昇降テーブル,42800,13800
