,0,1
0,【送料無料】片手で楽々ワンタッチ 昇降デスク スタンディングデスク 幅70 コンパクト 昇降テーブル 高さ調節 省スペース ガス圧式 パソコンデスク スタンディングテーブル キャスター 学習机 在宅ワーク 在宅勤務 テレワーク,8980
1,[5％OFFクーポン☆]昇降テーブル 幅70 昇降デスク スタンディングデスク 昇降式 送料無料 ワンタッチ昇降 コンパクト 高さ調節 省スペース ガス圧 キャスター付 事務机 ワークデスク パソコンデスク PCデスク 作業台 ブラウン ナチュラル ホワイト LSDK-700【D】[0624☆],6980
2,【180円クーポン8/19 9:59まで】【雑誌掲載】スタンディングデスク 昇降 手動 E-WIN キャスター付き 折りたたみ式 昇降式デスク テーブル 幅58cm スタンディングテーブル 高さ調整 立ち仕事 コンパクト パソコンデスク 在宅 テレワーク デスク 折り畳み 机 ewin,12000
3,【送料無料】楽々ワンタッチ昇降！ スタンディングデスク 昇降 ガス圧式 幅90 昇降デスク 昇降テーブル PCデスク 高さ調節 伸縮 机 デスク つくえ スタンディングテーブル 木製 学習机 勉強机 上下昇降 キャスター付き,12800
4,スタンディングデスク 高さ調整可能 ガス圧昇降 幅95cm ブラック 上下昇降式デスク 座り過ぎ解消 立ち姿勢で仕事 作業 エルゴノミクス リフティングテーブル リフトアップデスク スタンドアップデスク,28800
5,1年保証 スタンディングデスク 幅80cm x 60cm 高さ98cm 木目 ハイテーブル 立ち仕事 作業デスク 受付 スタンディングテーブル コンソールテーブル カウンターテーブル パソコンデスク PCデスク ワークデスク テレワーク 在宅ワーク インテリア ●[送料無料],7480
6,スタンディングデスク 昇降式デスク 90cm 昇降デスク オフィスデスク パソコンデスク 昇降テーブル タンディングデスク 昇降 ガス圧 上下昇降 スタンディングテーブル 昇降式 デスク 幅90 90 pcデスク 伸縮 スリム コンパクト 【KS】,15980
7,【送料無料】回転式3WAY！ スタンディングデスク 幅120 - 幅200 L字 デスク 回転式 L字型 パソコンデスク オフィス おしゃれ pc パソコン プリンター 机 省スペース シンプル 北欧 在宅ワーク 在宅勤務 テレワーク,13800
8,【送料無料】人間工学に基づいたフットレスト スタンディングデスク 幅120 デスク 足置き ラック 付き 木製 フットレスト パソコンデスク アイアン オフィス コンパクト 木製 おしゃれ 在宅ワーク 在宅勤務 テレワーク,10800
9,スタンディングデスク 昇降式テーブル 幅120cm 昇降デスク ワンタッチ昇降 キャスター付き オフィスデスク パソコンデスク PCデスク ガス圧昇降デスク テレワーク 在宅勤務 デスク 机 オフィス 事務机 高さ調整 幅120【送料無料】,26800
10,スタンディングデスク 昇降 手動 昇降デスク 幅120cm 奥行70cm 座りすぎ防止,34800
11,スタンディングデスク リフトアップデスク 薄型 折りたたみ可能 高さ12段階調整可能 幅約79.5cm 上下昇降式デスク 机上 卓上 座り過ぎ解消 立ち姿勢で仕事 作業 エルゴノミクス リフティングテーブル,15800
12,【8/18~8/19 9:59まで800円OFFクーポン】E-WIN スタンディングデスク 昇降 手動 折りたたみ式 昇降デスク テーブル 幅91.5cm スタンディングテーブル 高さ調整 立ち仕事 キャスター コンパクト パソコン デスク 在宅 テレワーク 折り畳み E-WIN ewin 昇降式テーブル,23990
13,【送料無料】Sunon スタンディングデスク 幅65cm 昇降式デスク ガス圧昇降 昇降デスク 折りたたみデスク 卓上 机上 卓上台 折り畳み 座位・立位両用スタンディングデスク,8900
14,スタンディングデスク 90cm幅 奥行48cm 高さ100cm 立ち仕事 ホワイト 疲労軽減 立ち作業 パソコンデスク スタンディングテーブル ミーティングテーブル オフィスワークテーブル 事務机 スタンドデスク 立ち机,11400
15,【送料無料】楽々ワンタッチ昇降！ スタンディングデスク 幅120 キャスター付き ガス圧式 PCデスク 高さ調節 スタンディングテーブル 木製 上下昇降 パソコンデスク 机 つくえ デスク 昇降式デスク 在宅ワーク 在宅勤務 テレワーク,29999
16,【送料無料】作業効率アップ！ スタンディングデスク 幅89 デスク 木製 パソコン パソコンデスク アイアン オフィス コンパクト 北欧 ホワイト 木製 おしゃれ pc パソコン 机 スリム 省スペース シンプル 在宅ワーク 在宅勤務 テレワーク,6980
17,【楽天1位獲得♪】【送料無料】Sunon 2モーター式 電動昇降デスク 幅120×奥行60×高さ70.5〜120cm 衝突センサー付き メモリ機能 高さ無段階調節 昇降式デスク パソコンデスク スタンディングデスク スタンディングテーブル 電動 テレワーク,36500
18,昇降デスク 電動 スタンディングデスク FlexiSpot EG1 フレキシスポット パソコンデスク オフィスデスク 昇降テーブル 学習机 事務机 テーブル 高さ調節 勉強机 ブラック/ホワイト （天板別売り）,26000
19,スタンディングデスク 昇降 手動 昇降デスク 座りすぎ防止 幅140cm 奥行70cm,39800
20,昇降デスク スタンディングデスク 幅70　昇降式 コンパクト 昇降式テーブル キャスター付き 昇降テーブル PCデスク 伸縮 上下昇降 高さ調節 省スペース ガス圧式 パソコンデスク スタンディングテーブル 在宅ワーク 在宅勤務 テレワーク,12980
21,ガス圧昇降式デスク 昇降式テーブル 120cm幅 可動式 高さ調節 テレワーク 在宅勤務 デスク オフィスデスク スタンディングデスク パソコンデスク PCデスク 机 事務机 高さ調整 オフィス 幅120【送料無料】,15990
22,昇降式デスク スタンディングデスク ガス圧昇降 幅100cm 奥行60cm 昇降幅40cm 座りすぎ防止 大型キャスター ホワイト/ブラウン 立ち姿勢で仕事 作業 エルゴノミクス リフティングテーブル リフトアップデスク,34400
23,片手で楽々ワンタッチ昇降！★送料無料★ スタンディングデスク 幅90 昇降デスク 昇降テーブル PCデスク 高さ調節 伸縮 ガス圧式 スタンディングテーブル 木製 学習机 勉強机 上下昇降 キャスター付き 法人 会社,12800
24,スタンディングデスク コンセント付き 幅120 奥行48 高さ100 FSD-1248E ホワイト ブラック ワークデスク パソコンデスク スタンディング オフィスデスク 立ち仕事 アイロン掛け山善 YAMAZEN 【送料無料】,10499
25,【送料無料】スタンディングデスク 昇降式多機能畳 オフィスワークテーブル/食卓 ダイニングテーブル 折りたたみ無段階座位立位両用 机上デスク ローテーブル パソコン/モニター台 幅785mm,10999
26,スタンディングデスク 昇降式デスク 昇降デスク オフィスデスク パソコンデスク 昇降テーブル ガス圧式 高さ調節 キャスター スタンディングテーブル 昇降式 デスク 幅69 PCデスク 伸縮 立ち作業 GSD-01【KS】,8880
27,◆送料無料◆片手で楽々ワンタッチ 昇降デスク スタンディングデスク 幅70 コンパクト 昇降テーブル 高さ調節 省スペース ガス圧式 パソコンデスク スタンディングテーブル キャスター 学習机 勉強机 在宅ワーク 在宅勤務 テレワーク,8980
28,スタンディングデスク 昇降デスク 昇降式デスク 折りたたみデスク 折り畳みデスク 卓上 机上 折りたたみ 折り畳み,9801
29,スタンディングデスク ガス圧昇降式 幅60cm 奥行き45cm 昇降幅36.5cm 省スペース キャスター付き ホワイト 座りすぎ防止 ノートパソコン台 上下昇降式デスク エルゴノミクス リフティングテーブル 60cm幅 スタンドデスク,18800
